"Freq [GHz]","VSWR(1) []"
8.2,1.09797183178227
8.7,1.11424232420512
9.2,1.11799826467128
9.7,1.11890739549946
10.2,1.11218216015044
10.7,1.11070886782525
11.2,1.10308473091704
11.7,1.10664445300521
12.2,1.09711375384674
