"Freq [GHz]","VSWR(1:1) []"
8,1.30795964213159
8.5,1.15896188044387
9,1.07246064001232
9.5,1.05457913196983
10,1.01958477952303
10.5,1.01017925570062
11,1.03020782120724
11.5,1.03986079607681
12,1.0550923192207
